video_id,filename,view_angle,label,label_confidence,total_frames,valid_pose_frames,avg_knee_angle,min_knee_angle,max_knee_angle,avg_hip_angle,min_hip_angle,max_hip_angle,avg_torso_angle,min_torso_angle,max_torso_angle,notes
G001,G001_side.mp4,side,good,high,150,150,118.65074448273197,69.81571003588749,177.8797401437813,108.2453706829204,69.79595656873076,161.80883642036906,30.89618014701208,18.277496033053968,45.76740330418448,Side view golden reference
G002,G002_45.mp4,45,good,high,249,249,151.69484369862977,64.28097572442138,179.9927604680085,147.876275553682,63.63744566001341,179.99778109961738,14.024067870677495,0.0004916379760341939,31.30054404560829,45 degree golden reference
G003,G003_side.mp4,side,good,high,180,180,132.7599525481186,89.69930816933271,179.51665040571032,130.3705168113765,83.61868777506196,179.6812760003395,17.891985328837617,0.03285172276550907,34.18497478300231,Side view golden reference
G004,G004_side.mp4,side,good,high,254,254,119.79090535186054,49.33029367141233,179.75087939241573,116.7826248665544,50.79872324552026,179.768836246727,20.264371326693222,0.006254811988308826,33.17530092482198,Side view golden reference
G005,G005_45.mp4,45,good,high,505,496,102.6661066131495,41.160141377464875,179.91956137737762,90.34556988171984,2.505060498509611,177.70246840528088,31.882660628886907,1.9284016977913359,173.8503779169686,45 degree golden reference
