{
  "knee_angle_range_good": [
    41.160141377464875,
    179.9927604680085
  ],
  "hip_angle_range_good": [
    2.505060498509611,
    179.99778109961738
  ],
  "torso_angle_range_good": [
    0.0004916379760341939,
    173.8503779169686
  ]
}