Right_Knee_mean,Left_Knee_mean,Right_Hip_mean,Left_Hip_mean,Spine_Lean_mean
108.22035416708862,111.28825015189875,107.34470268518987,109.28141969113925,174.28301515189872
